Name,Album,Artist,Spotify Link
Athey Nanne,Surya S/o Krishnan (Original Motion Picture Soundtrack),Harris Jayaraj,https://open.spotify.com/track/5Vhm92XrsXw5SfFYnxxspt
Emai Poyave,Padi Padi Leche Manasu,Vishal Chandrashekhar,https://open.spotify.com/track/14M1StehpwsydSGGy8z9eq
Allantha Doorala,Aadavari Matalaku Ardhalu Veruley,Yuvan Shankar Raja,https://open.spotify.com/track/5jDcZCA2NJEvk7Kwa6bcE1
Yellipoke Shyamala,Aa Aaa,Mickey J. Meyer,https://open.spotify.com/track/6x0uurbe3O3v7ogFWdEjYa
Na Cheli Rojave,Roja,A.R. Rahman,https://open.spotify.com/track/39RE07kcHln5DjnerRCaKy
Chilipiga,Orange,Harris Jayaraj,https://open.spotify.com/track/5J3Gykr4QdXzgbRGlusUrM
Gelupu Thalupule,Teenmaar,Mani Sharma,https://open.spotify.com/track/2Cj0kdPCNWSqMApIHg8oh6
Jabilli Kosam-Male,Manchi Manasulu,Ilaiyaraaja,https://open.spotify.com/track/4imLxNMs05m3Co3CORrQtm
Kanapadava..,Kanapadava..,Yazin Nizar,https://open.spotify.com/track/5Gj5PTVoTs1pBeECLqZznr
Yedho,Awaara (Original Motion Picture Soundtrack),Yuvan Shankar Raja,https://open.spotify.com/track/0RQhpA5lD1GyM7lO2tdmbO
"Naa Madhi (From ""Thiru"")","Naa Madhi (From ""Thiru"")",Dhanunjay Seepana,https://open.spotify.com/track/42JI4hVOPLwQ0J7WOfIieR
Adugasale,MalliRaava (Original Motion Picture Soundtrack),Shravan Bharadwaj,https://open.spotify.com/track/2ZyQggcbdUtIGrokIXN700
Kannula Baasalu,7G Brundhavana Colony,Yuvan Shankar Raja,https://open.spotify.com/track/7eFFgsETjYqTKKMCk3Z6VW
Vurike Chilakaa - Bombay / Soundtrack Version,Bombay,Various Artists,https://open.spotify.com/track/1Nm6QoT9Iu5ismjmJSLpNs
Em Cheppanu,Nenu Sailaja,Devi Sri Prasad,https://open.spotify.com/track/40sRF4TRBsIBERczzU2JY2
Ori Vaari,"Ori Vaari (From ""Dasara"") - Telugu",Santhosh Narayanan,https://open.spotify.com/track/45xajAqfrDhxpIOV2dBkYp
Ninnele,Radhe Shyam,Justin Prabhakaran,https://open.spotify.com/track/7uo3wgB8We99kdcJpKDiq9
Waiting For You,Oye,Yuvan Shankar Raja,https://open.spotify.com/track/42XgH6kQAvTOiKODWMuD9p
Cheliya Cheliya,Idiot,Chakri,https://open.spotify.com/track/1L5ZBKvnyls7JUTMGw4rSy
Idhi Tholi Rathri,Majnu,Laxmikant–Pyarelal,https://open.spotify.com/track/5bX7nCOsJ9ISJ6Q3yGV1Q2
Priyathama,Prema,Ilaiyaraaja,https://open.spotify.com/track/3vKNxOfRIwaDH9AQGGA2EF
Nee Choopule,Endukante Premanta,G. V. Prakash,https://open.spotify.com/track/2FPYJZygSLhD9RdPvEnBha
Cheliya Cheliya,Gharshanaa,Harris Jayaraj,https://open.spotify.com/track/0anBHV3eP4hiHsLQR5AZsm
Cheliya,SMS - A Sweet Revenge Story (Original Motion Picture Soundtrack),Selva Ganesh,https://open.spotify.com/track/41S2JasEg2ALAvn5QDLfgh
Premaledani,Abhinandana,Ilaiyaraaja,https://open.spotify.com/track/2hOK2XtpwdKB1BUByTpVVE
Thalachi Thalachi(Male),7G Brundhavana Colony,Yuvan Shankar Raja,https://open.spotify.com/track/3vjg6cjrrRCNU6VnQTfQ7u
Nammaka Tappani,Bommarillu (Original Motion Picture Soundtrack),Devi Sri Prasad,https://open.spotify.com/track/7xJewLlpEYUSut0snMyRWO
Nuvvunte Naa Jathagaa,I - Manoharudu (Original Motion Picture Soundtrack),A.R. Rahman,https://open.spotify.com/track/5dG3KI5rIUwiUQNNr3Y1to
Once Upon a Time,Ninnu Kori (Original Motion Picture Soundtrack),Gopi Sundar,https://open.spotify.com/track/2rkwI0o4GNqkV8boIbRBDb
Evaro Nenevaro,Brothers,Harris Jayaraj,https://open.spotify.com/track/1AnlzzKGGicsanEObquYz8
Nee Yadalo Naaku,Awaara (Original Motion Picture Soundtrack),Yuvan Shankar Raja,https://open.spotify.com/track/4wUOdPcYoqYZGM2wSdoLQu
,,Various Artists,https://open.spotify.com/track/1YA5XoTcKyrpQ6cW6XsAfB
Undiporaadhey - Sad Version,Hushaaru,Radhan,https://open.spotify.com/track/18r28YOE2nO8hU0bv0lmcv
Raalipoye Poova,Mathrudevobhava,M. M. Keeravani,https://open.spotify.com/track/0jO7xmZsOGCm53ilQMJ0Q9
Toliprema,Tholi Prema,Thaman S,https://open.spotify.com/track/2c2dNWJodzG6aQMW0imtag
Amma Amma,7th Sense (Original Motion Picture Soundtrack),Harris Jayaraj,https://open.spotify.com/track/75DxgHACVHU50ln1RWnDUx
Tharagathi Pathos,Colour Photo,Kala Bhairava,https://open.spotify.com/track/4kI1Rd9QY2706wTBDVxcsL
Oosupodu,Fidaa,Shakthikanth Karthick,https://open.spotify.com/track/0xNiDPK4YdZ51ALxSid0QV
Pranamlo Pranamga,Andhrudu,Kalyani Malik,https://open.spotify.com/track/3FB6fY9ZiVn8s2ZP6bksdY
Nuvve Nuvve Kavalantundi,Nuvve Nuvve,Koti,https://open.spotify.com/track/15MG8SOfiHto8HpSQ5Wr0m
Prema Prema,Prema Desam,A.R. Rahman,https://open.spotify.com/track/5PDx7sVGIIdAlKhdSiUnUj
Pothe Ponee Poraa,Current Theega (Original Motion Picture Soundtrack),Achu,https://open.spotify.com/track/7x4vb4sfHRSh6r1mgcWeNQ
Adiga Adiga,Ninnu Kori,Gopi Sunder,https://open.spotify.com/track/5Mo0zkOAPtR2rW9kL29X37
Edhuta Nilichindhi,Vaana,Kamalakar,https://open.spotify.com/track/7t7FpQkhNuPal6ucwIodn0
Janma Needele,Premisthe,Joshua Sridhar,https://open.spotify.com/track/1WAUQEbSyLinmMrbVUncij
Anaganaga Ok Oollo,Avunanna Kaadanna,Various Artists,https://open.spotify.com/track/3JDiHOn8d58bwGiwCv0GsM
Endhuke Ila,Sambaram,R. P. Patnaik,https://open.spotify.com/track/2JydWKBSIcpCVgELNWTYSu
O Sayonara Sayonara,1 Nenokkadine,Mahesh Babu,https://open.spotify.com/track/5Y067mWbDybhNCQ6ACx45d
Vinave Vinave,Raja Rani (Original Motion Picture Soundtrack),G. V. Prakash,https://open.spotify.com/track/0Yx6JNhm7AEnhfRQ0Hzo7u
Telisiney Na Nuvvey,Arjun Reddy (Original Motion Picture Soundtrack),Radhan,https://open.spotify.com/track/7dWxWBXKs3jGFhKxF9k52H
Maayera,Sainikudu,Harris Jayaraj,https://open.spotify.com/track/4ZI79kwi84DJcbiYFygJwW
Neeti Mullai (Bit),Varsham,Devi Sri Prasad,https://open.spotify.com/track/29ffQxBUZLJdN3kiPndB9n
Nee Selvadigi,Janatha Garage,Devi Sri Prasad,https://open.spotify.com/track/14ZvcewteMfdD32us40NDC
Dhooram Dhooram,100% Love (Original Motion Picture Soundtrack),Devi Sri Prasad,https://open.spotify.com/track/4YJLjxGYBmalo9i0yPKC2n
Na Prema Kathaku,Solo (Original Motion Picture Soundtrack),Mani Sharma,https://open.spotify.com/track/2xjB7pzvSKYaUxE9MWb7yJ
"Yemainado - From ""Mr. Majnu""",Mr. Majnu (Original Motion Picture Soundtrack),Thaman S,https://open.spotify.com/track/3wjx2rUwWGmTJmSPX9tgPu
Vellipoke,Memu Vayasuku Vachham,Various Artists,https://open.spotify.com/track/397ca8b09VvIeZtjVGcoRm
Endhukila,Rama Rama Krishna Krishna,M. M. Keeravani,https://open.spotify.com/track/2pUCjHq9F7lxEyg1Aky5Pg
Atu Nuvve,Current (Original Motion Picture Soundtrack),Devi Sri Prasad,https://open.spotify.com/track/1g0ySMUgybWuu780KoPQps
Choododde Nannu,Aaru,Devi Sri Prasad,https://open.spotify.com/track/1RCrBXLN9cn4WmbpT9uJGJ
Vellake,Cinema Chupista Mama (Original Motion Picture Soundtrack),Kalyani Malik,https://open.spotify.com/track/22bKagYpKQ1CFkH6eTdZcj
Varinche Prema,Malli Malli Idi Rani Roju,Gopi Sundar,https://open.spotify.com/track/4m7mqMdHGb0SrvCJe8F2k3
Povodhe Prema,Oye,Yuvan Shankar Raja,https://open.spotify.com/track/4HkipUaRTXwhDqstRFz9oB
Oorikey Ala,Majnu,Gopi Sundar,https://open.spotify.com/track/4WFIyoappONJFQkgFKf0i4
Karige Loga,Aarya - 2 (Original Motion Picture Soundtrack),Devi Sri Prasad,https://open.spotify.com/track/37I2SLeJcpkQpKFMLJt550
Yemi Cheyamanduve,Priyuraalu Pilichindi,A.R. Rahman,https://open.spotify.com/track/6GgP6NTpwRaokozTVyC6Be
Teluse Nuvvu Ravani,Oka Laila Kosam,Anup Rubens,https://open.spotify.com/track/4FnJ4RB27VnGclxPhshb3g
O Manasa O Manasa,Bhadra,Devi Sri Prasad,https://open.spotify.com/track/5mSrzOOKgQKfUaVh63WFFK
Cheliya Cheliya,Manmadhudu,Devi Sri Prasad,https://open.spotify.com/track/3q7HtMwfN4rkEh98Or0Wsf
Kanule Kanele,David,Various Artists,https://open.spotify.com/track/2dniyJc4DqR2xlElHKNH6M
Yetu Pone,Dear Comrade,Justin Prabhakaran,https://open.spotify.com/track/5bf5PpAQmxCbXBcRQa5R3C
Manasu Gaathi Inthey,Prem Nagar,K. V. Mahadevan,https://open.spotify.com/track/5EogfWyrlvbAV1AJ9rIBoZ
Kaneeti Vaana,Chirutha,Mani Sharma,https://open.spotify.com/track/05YrHIT3ktUKWM0SMwUrkI
O Prema Na Prema(Female),Chanti-Old,Ilaiyaraaja,https://open.spotify.com/track/7wND2UOaEKRoMY4kg2NHM4
O Prema Na Prema(Male),Chanti-Old,Ilaiyaraaja,https://open.spotify.com/track/3VxHdPL8DFhCboxegX2WKa
Po Ve Po - The Pain of Love,3 (Original Motion Picture Soundtrack),Anirudh Ravichander,https://open.spotify.com/track/4ngIVcfL0Pm564bTpDIS8H
Po Pove Dhoorama,Swathimuthyam,Mahati Swara Sagar,https://open.spotify.com/track/6VWdrqhvfdYSXz3zO2cSW3
Pranam Pothunna,Love Today (Telugu) [Original Motion Picture Soundtrack],Yuvan Shankar Raja,https://open.spotify.com/track/2yyOgnukcQCppigRdL0IX1
Time Ivvu Pilla,18 Pages,Gopi Sundar,https://open.spotify.com/track/3MqMljifpexSTdhAczsBX7
Nee Valla O Pilla,18 Pages,Gopi Sundar,https://open.spotify.com/track/1TRfrlmhlTTnKoCpA6bCCo
Nuvvante Pranamani,Naa Autograph,M. M. Keeravani,https://open.spotify.com/track/4gvCUylCorhxfnigZBHYF2
You’Re My Love,No 1 Nenokkadine,Devi Sri Prasad,https://open.spotify.com/track/0EV7Iol5TYTzVufJTT6ZSX
